{
  "fixed_turns": {
    "method": "FixedTurnsStopping",
    "task_type": "detective_cases",
    "n_episodes": 20,
    "accuracy": 0.15,
    "avg_turns": 25.0,
    "std_turns": 0.0,
    "avg_mi": 13.0,
    "episodes": [
      {
        "puzzle_idx": 0,
        "correct": false,
        "prediction": "0",
        "ground_truth": "3",
        "turns_used": 25,
        "mi_scores": [
          1.0,
          2.0,
          3.0,
          4.0,
          5.0,
          6.0,
          7.0,
          8.0,
          9.0,
          10.0,
          11.0,
          12.0,
          13.0,
          14.0,
          15.0,
          16.0,
          17.0,
          18.0,
          19.0,
          20.0,
          21.0,
          22.0,
          23.0,
          24.0,
          25.0
        ],
        "total_time": 156.29474401474
      },
      {
        "puzzle_idx": 1,
        "correct": true,
        "prediction": "0",
        "ground_truth": "0",
        "turns_used": 25,
        "mi_scores": [
          1.0,
          2.0,
          3.0,
          4.0,
          5.0,
          6.0,
          7.0,
          8.0,
          9.0,
          10.0,
          11.0,
          12.0,
          13.0,
          14.0,
          15.0,
          16.0,
          17.0,
          18.0,
          19.0,
          20.0,
          21.0,
          22.0,
          23.0,
          24.0,
          25.0
        ],
        "total_time": 154.19066429138184
      },
      {
        "puzzle_idx": 2,
        "correct": false,
        "prediction": "0",
        "ground_truth": "1",
        "turns_used": 25,
        "mi_scores": [
          1.0,
          2.0,
          3.0,
          4.0,
          5.0,
          6.0,
          7.0,
          8.0,
          9.0,
          10.0,
          11.0,
          12.0,
          13.0,
          14.0,
          15.0,
          16.0,
          17.0,
          18.0,
          19.0,
          20.0,
          21.0,
          22.0,
          23.0,
          24.0,
          25.0
        ],
        "total_time": 145.15114307403564
      },
      {
        "puzzle_idx": 3,
        "correct": false,
        "prediction": "0",
        "ground_truth": "4",
        "turns_used": 25,
        "mi_scores": [
          1.0,
          2.0,
          3.0,
          4.0,
          5.0,
          6.0,
          7.0,
          8.0,
          9.0,
          10.0,
          11.0,
          12.0,
          13.0,
          14.0,
          15.0,
          16.0,
          17.0,
          18.0,
          19.0,
          20.0,
          21.0,
          22.0,
          23.0,
          24.0,
          25.0
        ],
        "total_time": 155.50956654548645
      },
      {
        "puzzle_idx": 4,
        "correct": false,
        "prediction": "0",
        "ground_truth": "2",
        "turns_used": 25,
        "mi_scores": [
          1.0,
          2.0,
          3.0,
          4.0,
          5.0,
          6.0,
          7.0,
          8.0,
          9.0,
          10.0,
          11.0,
          12.0,
          13.0,
          14.0,
          15.0,
          16.0,
          17.0,
          18.0,
          19.0,
          20.0,
          21.0,
          22.0,
          23.0,
          24.0,
          25.0
        ],
        "total_time": 155.76289176940918
      },
      {
        "puzzle_idx": 5,
        "correct": false,
        "prediction": "0",
        "ground_truth": "3",
        "turns_used": 25,
        "mi_scores": [
          1.0,
          2.0,
          3.0,
          4.0,
          5.0,
          6.0,
          7.0,
          8.0,
          9.0,
          10.0,
          11.0,
          12.0,
          13.0,
          14.0,
          15.0,
          16.0,
          17.0,
          18.0,
          19.0,
          20.0,
          21.0,
          22.0,
          23.0,
          24.0,
          25.0
        ],
        "total_time": 155.40779089927673
      },
      {
        "puzzle_idx": 6,
        "correct": false,
        "prediction": "0",
        "ground_truth": "1",
        "turns_used": 25,
        "mi_scores": [
          1.0,
          2.0,
          3.0,
          4.0,
          5.0,
          6.0,
          7.0,
          8.0,
          9.0,
          10.0,
          11.0,
          12.0,
          13.0,
          14.0,
          15.0,
          16.0,
          17.0,
          18.0,
          19.0,
          20.0,
          21.0,
          22.0,
          23.0,
          24.0,
          25.0
        ],
        "total_time": 156.33012747764587
      },
      {
        "puzzle_idx": 7,
        "correct": false,
        "prediction": "0",
        "ground_truth": "4",
        "turns_used": 25,
        "mi_scores": [
          1.0,
          2.0,
          3.0,
          4.0,
          5.0,
          6.0,
          7.0,
          8.0,
          9.0,
          10.0,
          11.0,
          12.0,
          13.0,
          14.0,
          15.0,
          16.0,
          17.0,
          18.0,
          19.0,
          20.0,
          21.0,
          22.0,
          23.0,
          24.0,
          25.0
        ],
        "total_time": 157.0655596256256
      },
      {
        "puzzle_idx": 8,
        "correct": true,
        "prediction": "0",
        "ground_truth": "0",
        "turns_used": 25,
        "mi_scores": [
          1.0,
          2.0,
          3.0,
          4.0,
          5.0,
          6.0,
          7.0,
          8.0,
          9.0,
          10.0,
          11.0,
          12.0,
          13.0,
          14.0,
          15.0,
          16.0,
          17.0,
          18.0,
          19.0,
          20.0,
          21.0,
          22.0,
          23.0,
          24.0,
          25.0
        ],
        "total_time": 149.70050692558289
      },
      {
        "puzzle_idx": 9,
        "correct": false,
        "prediction": "0",
        "ground_truth": "1",
        "turns_used": 25,
        "mi_scores": [
          1.0,
          2.0,
          3.0,
          4.0,
          5.0,
          6.0,
          7.0,
          8.0,
          9.0,
          10.0,
          11.0,
          12.0,
          13.0,
          14.0,
          15.0,
          16.0,
          17.0,
          18.0,
          19.0,
          20.0,
          21.0,
          22.0,
          23.0,
          24.0,
          25.0
        ],
        "total_time": 156.5084376335144
      },
      {
        "puzzle_idx": 10,
        "correct": false,
        "prediction": "0",
        "ground_truth": "3",
        "turns_used": 25,
        "mi_scores": [
          1.0,
          2.0,
          3.0,
          4.0,
          5.0,
          6.0,
          7.0,
          8.0,
          9.0,
          10.0,
          11.0,
          12.0,
          13.0,
          14.0,
          15.0,
          16.0,
          17.0,
          18.0,
          19.0,
          20.0,
          21.0,
          22.0,
          23.0,
          24.0,
          25.0
        ],
        "total_time": 153.3983018398285
      },
      {
        "puzzle_idx": 11,
        "correct": false,
        "prediction": "0",
        "ground_truth": "2",
        "turns_used": 25,
        "mi_scores": [
          1.0,
          2.0,
          3.0,
          4.0,
          5.0,
          6.0,
          7.0,
          8.0,
          9.0,
          10.0,
          11.0,
          12.0,
          13.0,
          14.0,
          15.0,
          16.0,
          17.0,
          18.0,
          19.0,
          20.0,
          21.0,
          22.0,
          23.0,
          24.0,
          25.0
        ],
        "total_time": 158.2575342655182
      },
      {
        "puzzle_idx": 12,
        "correct": false,
        "prediction": "0",
        "ground_truth": "1",
        "turns_used": 25,