{
  "fixed_turns": {
    "method": "FixedTurnsStopping",
    "task_type": "detective_cases",
    "n_episodes": 20,
    "accuracy": 0.15,
    "avg_turns": 25.0,
    "std_turns": 0.0,
    "avg_mi": 13.0,
    "episodes": [
      {
        "puzzle_idx": 0,
        "correct": false,
        "prediction": "0",
        "ground_truth": "3",
        "turns_used": 25,
        "mi_scores": [
          1.0,
          2.0,
          3.0,
          4.0,
          5.0,
          6.0,
          7.0,
          8.0,
          9.0,
          10.0,
          11.0,
          12.0,
          13.0,
          14.0,
          15.0,
          16.0,
          17.0,
          18.0,
          19.0,
          20.0,
          21.0,
          22.0,
          23.0,
          24.0,
          25.0
        ],
        "total_time": 148.44578576087952
      },
      {
        "puzzle_idx": 1,
        "correct": true,
        "prediction": "0",
        "ground_truth": "0",
        "turns_used": 25,
        "mi_scores": [
          1.0,
          2.0,
          3.0,
          4.0,
          5.0,
          6.0,
          7.0,
          8.0,
          9.0,
          10.0,
          11.0,
          12.0,
          13.0,
          14.0,
          15.0,
          16.0,
          17.0,
          18.0,
          19.0,
          20.0,
          21.0,
          22.0,
          23.0,
          24.0,
          25.0
        ],
        "total_time": 146.44347858428955
      },
      {
        "puzzle_idx": 2,
        "correct": false,
        "prediction": "0",
        "ground_truth": "1",
        "turns_used": 25,
        "mi_scores": [
          1.0,
          2.0,
          3.0,
          4.0,
          5.0,
          6.0,
          7.0,
          8.0,
          9.0,
          10.0,
          11.0,
          12.0,
          13.0,
          14.0,
          15.0,
          16.0,
          17.0,
          18.0,
          19.0,
          20.0,
          21.0,
          22.0,
          23.0,
          24.0,
          25.0
        ],
        "total_time": 146.74939560890198
      },
      {
        "puzzle_idx": 3,
        "correct": false,
        "prediction": "0",
        "ground_truth": "4",
        "turns_used": 25,
        "mi_scores": [
          1.0,
          2.0,
          3.0,
          4.0,
          5.0,
          6.0,
          7.0,
          8.0,
          9.0,
          10.0,
          11.0,
          12.0,
          13.0,
          14.0,
          15.0,
          16.0,
          17.0,
          18.0,
          19.0,
          20.0,
          21.0,
          22.0,
          23.0,
          24.0,
          25.0
        ],
        "total_time": 150.29774737358093
      },
      {
        "puzzle_idx": 4,
        "correct": false,
        "prediction": "0",
        "ground_truth": "2",
        "turns_used": 25,
        "mi_scores": [
          1.0,
          2.0,
          3.0,
          4.0,
          5.0,
          6.0,
          7.0,
          8.0,
          9.0,
          10.0,
          11.0,
          12.0,
          13.0,
          14.0,
          15.0,
          16.0,
          17.0,
          18.0,
          19.0,
          20.0,
          21.0,
          22.0,
          23.0,
          24.0,
          25.0
        ],
        "total_time": 148.15316033363342
      },
      {
        "puzzle_idx": 5,
        "correct": false,
        "prediction": "0",
        "ground_truth": "3",
        "turns_used": 25,
        "mi_scores": [
          1.0,
          2.0,
          3.0,
          4.0,
          5.0,
          6.0,
          7.0,
          8.0,
          9.0,
          10.0,
          11.0,
          12.0,
          13.0,
          14.0,
          15.0,
          16.0,
          17.0,
          18.0,
          19.0,
          20.0,
          21.0,
          22.0,
          23.0,
          24.0,
          25.0
        ],
        "total_time": 161.986013174057
      },
      {
        "puzzle_idx": 6,
        "correct": false,
        "prediction": "0",
        "ground_truth": "1",
        "turns_used": 25,
        "mi_scores": [
          1.0,
          2.0,
          3.0,
          4.0,
          5.0,
          6.0,
          7.0,
          8.0,
          9.0,
          10.0,
          11.0,
          12.0,
          13.0,
          14.0,
          15.0,
          16.0,
          17.0,
          18.0,
          19.0,
          20.0,
          21.0,
          22.0,
          23.0,
          24.0,
          25.0
        ],
        "total_time": 150.082599401474
      },
      {
        "puzzle_idx": 7,
        "correct": false,
        "prediction": "0",
        "ground_truth": "4",
        "turns_used": 25,
        "mi_scores": [
          1.0,
          2.0,
          3.0,
          4.0,
          5.0,
          6.0,
          7.0,
          8.0,
          9.0,
          10.0,
          11.0,
          12.0,
          13.0,
          14.0,
          15.0,
          16.0,
          17.0,
          18.0,
          19.0,
          20.0,
          21.0,
          22.0,
          23.0,
          24.0,
          25.0
        ],
        "total_time": 148.29266595840454
      },
      {
        "puzzle_idx": 8,
        "correct": true,
        "prediction": "0",
        "ground_truth": "0",
        "turns_used": 25,
        "mi_scores": [
          1.0,
          2.0,
          3.0,
          4.0,
          5.0,
          6.0,
          7.0,
          8.0,
          9.0,
          10.0,
          11.0,
          12.0,
          13.0,
          14.0,
          15.0,
          16.0,
          17.0,
          18.0,
          19.0,
          20.0,
          21.0,
          22.0,
          23.0,
          24.0,
          25.0
        ],
        "total_time": 125.22446370124817
      },
      {
        "puzzle_idx": 9,
        "correct": false,
        "prediction": "0",
        "ground_truth": "1",
        "turns_used": 25,
        "mi_scores": [
          1.0,
          2.0,
          3.0,
          4.0,
          5.0,
          6.0,
          7.0,
          8.0,
          9.0,
          10.0,
          11.0,
          12.0,
          13.0,
          14.0,
          15.0,
          16.0,
          17.0,
          18.0,
          19.0,
          20.0,
          21.0,
          22.0,
          23.0,
          24.0,
          25.0
        ],
        "total_time": 145.0034477710724
      },
      {
        "puzzle_idx": 10,
        "correct": false,
        "prediction": "0",
        "ground_truth": "3",
        "turns_used": 25,
        "mi_scores": [
          1.0,
          2.0,
          3.0,
          4.0,
          5.0,
          6.0,
          7.0,
          8.0,
          9.0,
          10.0,
          11.0,
          12.0,
          13.0,
          14.0,
          15.0,
          16.0,
          17.0,
          18.0,
          19.0,
          20.0,
          21.0,
          22.0,
          23.0,
          24.0,
          25.0
        ],
        "total_time": 128.13913440704346
      },
      {
        "puzzle_idx": 11,
        "correct": false,
        "prediction": "0",
        "ground_truth": "2",
        "turns_used": 25,
        "mi_scores": [
          1.0,
          2.0,
          3.0,
          4.0,
          5.0,
          6.0,
          7.0,
          8.0,
          9.0,
          10.0,
          11.0,
          12.0,
          13.0,
          14.0,
          15.0,
          16.0,
          17.0,
          18.0,
          19.0,
          20.0,
          21.0,
          22.0,
          23.0,
          24.0,
          25.0
        ],
        "total_time": 134.84066653251648
      },
      {
        "puzzle_idx": 12,
        "correct": false,
        "prediction": "0",
        "ground_truth": "1",
        "turns_used": 25,