{
  "fixed_turns": {
    "method": "FixedTurnsStopping",
    "task_type": "guessing_numbers",
    "n_episodes": 20,
    "accuracy": 0.0,
    "avg_turns": 25.0,
    "std_turns": 0.0,
    "avg_mi": 13.0,
    "episodes": [
      {
        "puzzle_idx": 0,
        "correct": false,
        "prediction": "0000",
        "ground_truth": "8362",
        "turns_used": 25,
        "mi_scores": [
          1.0,
          2.0,
          3.0,
          4.0,
          5.0,
          6.0,
          7.0,
          8.0,
          9.0,
          10.0,
          11.0,
          12.0,
          13.0,
          14.0,
          15.0,
          16.0,
          17.0,
          18.0,
          19.0,
          20.0,
          21.0,
          22.0,
          23.0,
          24.0,
          25.0
        ],
        "total_time": 15.101878881454468
      },
      {
        "puzzle_idx": 1,
        "correct": false,
        "prediction": "0000",
        "ground_truth": "1058",
        "turns_used": 25,
        "mi_scores": [
          1.0,
          2.0,
          3.0,
          4.0,
          5.0,
          6.0,
          7.0,
          8.0,
          9.0,
          10.0,
          11.0,
          12.0,
          13.0,
          14.0,
          15.0,
          16.0,
          17.0,
          18.0,
          19.0,
          20.0,
          21.0,
          22.0,
          23.0,
          24.0,
          25.0
        ],
        "total_time": 14.812168836593628
      },
      {
        "puzzle_idx": 2,
        "correct": false,
        "prediction": "0000",
        "ground_truth": "9340",
        "turns_used": 25,
        "mi_scores": [
          1.0,
          2.0,
          3.0,
          4.0,
          5.0,
          6.0,
          7.0,
          8.0,
          9.0,
          10.0,
          11.0,
          12.0,
          13.0,
          14.0,
          15.0,
          16.0,
          17.0,
          18.0,
          19.0,
          20.0,
          21.0,
          22.0,
          23.0,
          24.0,
          25.0
        ],
        "total_time": 14.376487731933594
      },
      {
        "puzzle_idx": 3,
        "correct": false,
        "prediction": "0000",
        "ground_truth": "9763",
        "turns_used": 25,
        "mi_scores": [
          1.0,
          2.0,
          3.0,
          4.0,
          5.0,
          6.0,
          7.0,
          8.0,
          9.0,
          10.0,
          11.0,
          12.0,
          13.0,
          14.0,
          15.0,
          16.0,
          17.0,
          18.0,
          19.0,
          20.0,
          21.0,
          22.0,
          23.0,
          24.0,
          25.0
        ],
        "total_time": 14.944815635681152
      },
      {
        "puzzle_idx": 4,
        "correct": false,
        "prediction": "0000",
        "ground_truth": "3182",
        "turns_used": 25,
        "mi_scores": [
          1.0,
          2.0,
          3.0,
          4.0,
          5.0,
          6.0,
          7.0,
          8.0,
          9.0,
          10.0,
          11.0,
          12.0,
          13.0,
          14.0,
          15.0,
          16.0,
          17.0,
          18.0,
          19.0,
          20.0,
          21.0,
          22.0,
          23.0,
          24.0,
          25.0
        ],
        "total_time": 15.629497051239014
      },
      {
        "puzzle_idx": 5,
        "correct": false,
        "prediction": "0000",
        "ground_truth": "8709",
        "turns_used": 25,
        "mi_scores": [
          1.0,
          2.0,
          3.0,
          4.0,
          5.0,
          6.0,
          7.0,
          8.0,
          9.0,
          10.0,
          11.0,
          12.0,
          13.0,
          14.0,
          15.0,
          16.0,
          17.0,
          18.0,
          19.0,
          20.0,
          21.0,
          22.0,
          23.0,
          24.0,
          25.0
        ],
        "total_time": 14.082707405090332
      },
      {
        "puzzle_idx": 6,
        "correct": false,
        "prediction": "0000",
        "ground_truth": "3851",
        "turns_used": 25,
        "mi_scores": [
          1.0,
          2.0,
          3.0,
          4.0,
          5.0,
          6.0,
          7.0,
          8.0,
          9.0,
          10.0,
          11.0,
          12.0,
          13.0,
          14.0,
          15.0,
          16.0,
          17.0,
          18.0,
          19.0,
          20.0,
          21.0,
          22.0,
          23.0,
          24.0,
          25.0
        ],
        "total_time": 16.122029066085815
      },
      {
        "puzzle_idx": 7,
        "correct": false,
        "prediction": "0000",
        "ground_truth": "2045",
        "turns_used": 25,
        "mi_scores": [
          1.0,
          2.0,
          3.0,
          4.0,
          5.0,
          6.0,
          7.0,
          8.0,
          9.0,
          10.0,
          11.0,
          12.0,
          13.0,
          14.0,
          15.0,
          16.0,
          17.0,
          18.0,
          19.0,
          20.0,
          21.0,
          22.0,
          23.0,
          24.0,
          25.0
        ],
        "total_time": 15.193043947219849
      },
      {
        "puzzle_idx": 8,
        "correct": false,
        "prediction": "0000",
        "ground_truth": "7294",
        "turns_used": 25,
        "mi_scores": [
          1.0,
          2.0,
          3.0,
          4.0,
          5.0,
          6.0,
          7.0,
          8.0,
          9.0,
          10.0,
          11.0,
          12.0,
          13.0,
          14.0,
          15.0,
          16.0,
          17.0,
          18.0,
          19.0,
          20.0,
          21.0,
          22.0,
          23.0,
          24.0,
          25.0
        ],
        "total_time": 13.355781078338623
      },
      {
        "puzzle_idx": 9,
        "correct": false,
        "prediction": "0000",
        "ground_truth": "7280",
        "turns_used": 25,
        "mi_scores": [
          1.0,
          2.0,
          3.0,
          4.0,
          5.0,
          6.0,
          7.0,
          8.0,
          9.0,
          10.0,
          11.0,
          12.0,
          13.0,
          14.0,
          15.0,
          16.0,
          17.0,
          18.0,
          19.0,
          20.0,
          21.0,
          22.0,
          23.0,
          24.0,
          25.0
        ],
        "total_time": 12.661468505859375
      },
      {
        "puzzle_idx": 10,
        "correct": false,
        "prediction": "0000",
        "ground_truth": "5804",
        "turns_used": 25,
        "mi_scores": [
          1.0,
          2.0,
          3.0,
          4.0,
          5.0,
          6.0,
          7.0,
          8.0,
          9.0,
          10.0,
          11.0,
          12.0,
          13.0,
          14.0,
          15.0,
          16.0,
          17.0,
          18.0,
          19.0,
          20.0,
          21.0,
          22.0,
          23.0,
          24.0,
          25.0
        ],
        "total_time": 13.398284912109375
      },
      {
        "puzzle_idx": 11,
        "correct": false,
        "prediction": "0000",
        "ground_truth": "3520",
        "turns_used": 25,
        "mi_scores": [
          1.0,
          2.0,
          3.0,
          4.0,
          5.0,
          6.0,
          7.0,
          8.0,
          9.0,
          10.0,
          11.0,
          12.0,
          13.0,
          14.0,
          15.0,
          16.0,
          17.0,
          18.0,
          19.0,
          20.0,
          21.0,
          22.0,
          23.0,
          24.0,
          25.0
        ],
        "total_time": 13.535252809524536
      },
      {
        "puzzle_idx": 12,
        "correct": false,
        "prediction": "0000",
        "ground_truth": "1054",
        "turns_used": 25,