{
  "fixed_turns": {
    "method": "FixedTurnsStopping",
    "task_type": "detective_cases",
    "n_episodes": 20,
    "accuracy": 0.15,
    "avg_turns": 25.0,
    "std_turns": 0.0,
    "avg_mi": 13.0,
    "episodes": [
      {
        "puzzle_idx": 0,
        "correct": false,
        "prediction": "0",
        "ground_truth": "3",
        "turns_used": 25,
        "mi_scores": [
          1.0,
          2.0,
          3.0,
          4.0,
          5.0,
          6.0,
          7.0,
          8.0,
          9.0,
          10.0,
          11.0,
          12.0,
          13.0,
          14.0,
          15.0,
          16.0,
          17.0,
          18.0,
          19.0,
          20.0,
          21.0,
          22.0,
          23.0,
          24.0,
          25.0
        ],
        "total_time": 149.18615818023682
      },
      {
        "puzzle_idx": 1,
        "correct": true,
        "prediction": "0",
        "ground_truth": "0",
        "turns_used": 25,
        "mi_scores": [
          1.0,
          2.0,
          3.0,
          4.0,
          5.0,
          6.0,
          7.0,
          8.0,
          9.0,
          10.0,
          11.0,
          12.0,
          13.0,
          14.0,
          15.0,
          16.0,
          17.0,
          18.0,
          19.0,
          20.0,
          21.0,
          22.0,
          23.0,
          24.0,
          25.0
        ],
        "total_time": 149.1452145576477
      },
      {
        "puzzle_idx": 2,
        "correct": false,
        "prediction": "0",
        "ground_truth": "1",
        "turns_used": 25,
        "mi_scores": [
          1.0,
          2.0,
          3.0,
          4.0,
          5.0,
          6.0,
          7.0,
          8.0,
          9.0,
          10.0,
          11.0,
          12.0,
          13.0,
          14.0,
          15.0,
          16.0,
          17.0,
          18.0,
          19.0,
          20.0,
          21.0,
          22.0,
          23.0,
          24.0,
          25.0
        ],
        "total_time": 132.530681848526
      },
      {
        "puzzle_idx": 3,
        "correct": false,
        "prediction": "0",
        "ground_truth": "4",
        "turns_used": 25,
        "mi_scores": [
          1.0,
          2.0,
          3.0,
          4.0,
          5.0,
          6.0,
          7.0,
          8.0,
          9.0,
          10.0,
          11.0,
          12.0,
          13.0,
          14.0,
          15.0,
          16.0,
          17.0,
          18.0,
          19.0,
          20.0,
          21.0,
          22.0,
          23.0,
          24.0,
          25.0
        ],
        "total_time": 144.03737568855286
      },
      {
        "puzzle_idx": 4,
        "correct": false,
        "prediction": "0",
        "ground_truth": "2",
        "turns_used": 25,
        "mi_scores": [
          1.0,
          2.0,
          3.0,
          4.0,
          5.0,
          6.0,
          7.0,
          8.0,
          9.0,
          10.0,
          11.0,
          12.0,
          13.0,
          14.0,
          15.0,
          16.0,
          17.0,
          18.0,
          19.0,
          20.0,
          21.0,
          22.0,
          23.0,
          24.0,
          25.0
        ],
        "total_time": 141.9146330356598
      },
      {
        "puzzle_idx": 5,
        "correct": false,
        "prediction": "0",
        "ground_truth": "3",
        "turns_used": 25,
        "mi_scores": [
          1.0,
          2.0,
          3.0,
          4.0,
          5.0,
          6.0,
          7.0,
          8.0,
          9.0,
          10.0,
          11.0,
          12.0,
          13.0,
          14.0,
          15.0,
          16.0,
          17.0,
          18.0,
          19.0,
          20.0,
          21.0,
          22.0,
          23.0,
          24.0,
          25.0
        ],
        "total_time": 155.1394317150116
      },
      {
        "puzzle_idx": 6,
        "correct": false,
        "prediction": "0",
        "ground_truth": "1",
        "turns_used": 25,
        "mi_scores": [
          1.0,
          2.0,
          3.0,
          4.0,
          5.0,
          6.0,
          7.0,
          8.0,
          9.0,
          10.0,
          11.0,
          12.0,
          13.0,
          14.0,
          15.0,
          16.0,
          17.0,
          18.0,
          19.0,
          20.0,
          21.0,
          22.0,
          23.0,
          24.0,
          25.0
        ],
        "total_time": 149.63640666007996
      },
      {
        "puzzle_idx": 7,
        "correct": false,
        "prediction": "0",
        "ground_truth": "4",
        "turns_used": 25,
        "mi_scores": [
          1.0,
          2.0,
          3.0,
          4.0,
          5.0,
          6.0,
          7.0,
          8.0,
          9.0,
          10.0,
          11.0,
          12.0,
          13.0,
          14.0,
          15.0,
          16.0,
          17.0,
          18.0,
          19.0,
          20.0,
          21.0,
          22.0,
          23.0,
          24.0,
          25.0
        ],
        "total_time": 142.2250792980194
      },
      {
        "puzzle_idx": 8,
        "correct": true,
        "prediction": "0",
        "ground_truth": "0",
        "turns_used": 25,
        "mi_scores": [
          1.0,
          2.0,
          3.0,
          4.0,
          5.0,
          6.0,
          7.0,
          8.0,
          9.0,
          10.0,
          11.0,
          12.0,
          13.0,
          14.0,
          15.0,
          16.0,
          17.0,
          18.0,
          19.0,
          20.0,
          21.0,
          22.0,
          23.0,
          24.0,
          25.0
        ],
        "total_time": 131.74304604530334
      },
      {
        "puzzle_idx": 9,
        "correct": false,
        "prediction": "0",
        "ground_truth": "1",
        "turns_used": 25,
        "mi_scores": [
          1.0,
          2.0,
          3.0,
          4.0,
          5.0,
          6.0,
          7.0,
          8.0,
          9.0,
          10.0,
          11.0,
          12.0,
          13.0,
          14.0,
          15.0,
          16.0,
          17.0,
          18.0,
          19.0,
          20.0,
          21.0,
          22.0,
          23.0,
          24.0,
          25.0
        ],
        "total_time": 139.4857120513916
      },
      {
        "puzzle_idx": 10,
        "correct": false,
        "prediction": "0",
        "ground_truth": "3",
        "turns_used": 25,
        "mi_scores": [
          1.0,
          2.0,
          3.0,
          4.0,
          5.0,
          6.0,
          7.0,
          8.0,
          9.0,
          10.0,
          11.0,
          12.0,
          13.0,
          14.0,
          15.0,
          16.0,
          17.0,
          18.0,
          19.0,
          20.0,
          21.0,
          22.0,
          23.0,
          24.0,
          25.0
        ],
        "total_time": 131.66539359092712
      },
      {
        "puzzle_idx": 11,
        "correct": false,
        "prediction": "0",
        "ground_truth": "2",
        "turns_used": 25,
        "mi_scores": [
          1.0,
          2.0,
          3.0,
          4.0,
          5.0,
          6.0,
          7.0,
          8.0,
          9.0,
          10.0,
          11.0,
          12.0,
          13.0,
          14.0,
          15.0,
          16.0,
          17.0,
          18.0,
          19.0,
          20.0,
          21.0,
          22.0,
          23.0,
          24.0,
          25.0
        ],
        "total_time": 134.060227394104
      },
      {
        "puzzle_idx": 12,
        "correct": false,
        "prediction": "0",
        "ground_truth": "1",
        "turns_used": 25,